source,title,company,location,summary
indeed,Analyste en informatique polyvalent(e),TEHORA,Casablanca,
indeed,Informaticien débutant,SIMTIS,Casablanca,
indeed,ingénieur informatique,Devit Tech,Rabat,
indeed,Technicien / Administrateur Réseau Informatique,EMA FOOD,Meknès,
indeed,Technicien IT (H/F),RECRUITMENT CONSULTANT AT IFCAR,Rabat,
indeed,Technicien Informatique (H/F),Recruitment Support Officer at ifcar,Rabat,
indeed,Technicien Support Informatique (Niveau 1),DISTRIBUTION,Casablanca,
indeed,Technicien de Support Informatique,Forvis Mazars,Casablanca,
indeed,Technicien Informatique (H/F),,Rabat,
indeed,Planificateur des Interventions Techniques (Dépannage Informatique),OPTILINK CENTER,Casablanca,
indeed,Responsable si et support informatique,TM,Casablanca,
indeed,Développement Informatique,Medidis sa,Kénitra,
indeed,ingénieur d’État/ Data Analyst – Rabat,,Rabat,
indeed,Technicien bureautique/informatique,T Consult,Marrakech,
indeed,Technicien bureautique/informatique,T Consult,Marrakech,
indeed,Enseignant(e)s Formateur(trice)s en Informatique et Technologies Numériques,INTERNATIONAL PRIVATE SCHOOL OF TECHNOLOGY,Fès,
