source,title,company,location,text_to_check,categories
indeed,Analyste en informatique polyvalent(e),TEHORA,Casablanca,Analyste en informatique polyvalent(e),[]
indeed,ingénieur informatique,Devit Tech,Rabat,ingénieur informatique,[]
indeed,Technicien / Administrateur Réseau Informatique,EMA FOOD,Meknès,Technicien / Administrateur Réseau Informatique,[]
indeed,Informaticien débutant,SIMTIS,Casablanca,Informaticien débutant,[]
indeed,Technicien Informatique (H/F),Recruitment Support Officer at ifcar,Rabat,Technicien Informatique (H/F),[]
indeed,Technicien Support Informatique (Niveau 1),DISTRIBUTION,Casablanca,Technicien Support Informatique (Niveau 1),[]
indeed,Technicien de Support Informatique,Forvis Mazars,Casablanca,Technicien de Support Informatique,[]
indeed,Responsable si et support informatique,TM,Casablanca,Responsable si et support informatique,[]
indeed,Planificateur des Interventions Techniques (Dépannage Informatique),OPTILINK CENTER,Casablanca,Planificateur des Interventions Techniques (Dépannage Informatique),[]
indeed,Enseignant(e)s Formateur(trice)s en Informatique et Technologies Numériques,INTERNATIONAL PRIVATE SCHOOL OF TECHNOLOGY,Fès,Enseignant(e)s Formateur(trice)s en Informatique et Technologies Numériques,[]
indeed,Technicien IT (H/F),RECRUITMENT CONSULTANT AT IFCAR,Rabat,Technicien IT (H/F),[]
indeed,Développement Informatique,Medidis sa,Kénitra,Développement Informatique,[]
indeed,ingénieur d’État/ Data Analyst – Rabat,,Rabat,ingénieur d’État/ Data Analyst – Rabat,[]
indeed,Technicien bureautique/informatique,T Consult,Marrakech,Technicien bureautique/informatique,[]
indeed,Informaticien,DATA SECURITY,Casablanca,Informaticien,[]
indeed,Système et réseaux,Anas,Région de Rabat-Salé-Kénitra,Système et réseaux,[]
indeed,OFFRE D’EMPLOI – IT & DIGITAL / SUPPORT INFORMATIQUE,BRIDGE WAY PARTNERS,Marrakech,OFFRE D’EMPLOI – IT & DIGITAL / SUPPORT INFORMATIQUE,[]
indeed,Technicien IT,CRIT PERFORMANCE,Casablanca,Technicien IT,[]
indeed,technicien en informatique,ODIF MAROC,Nador,technicien en informatique,[]
indeed,Technicien(ne) Support Informatique,Perfect Telemarketing,Casablanca,Technicien(ne) Support Informatique,[]
indeed,Technicien en informatique et réseaux Bac+2,Datasys Informatique,Berrechid,Technicien en informatique et réseaux Bac+2,[]
indeed,Technicien Informatique – Support & Réseaux,Recruitment Assistant at IFCAR,Rabat,Technicien Informatique – Support & Réseaux,[]
indeed,Enseignant(e) d'informatique et de technologie – Responsable informatique,Ecole Awail Al Fath,Rabat,Enseignant(e) d'informatique et de technologie – Responsable informatique,[]
indeed,RECRUTEMENT JEUNE DÉVELOPPEUR IT / IA – MARRAKECH,BRIDGE WAY PARTNERS,Marrakech,RECRUTEMENT JEUNE DÉVELOPPEUR IT / IA – MARRAKECH,[]
indeed,Développeur Web - 100% télétravail,EdPulse,Casablanca,Développeur Web - 100% télétravail,[]
indeed,Développeur web,SC,Casablanca,Développeur web,[]
indeed,Développeur full stack _ (CDI),NEXT CX,Rabat,Développeur full stack _ (CDI),[]
indeed,Informaticien(ne) / Développeur(se) H/F,01neo,Marrakech,Informaticien(ne) / Développeur(se) H/F,[]
indeed,Développeur SaaS Full-Stack & IA (H/F),BNG Immo,Marrakech,Développeur SaaS Full-Stack & IA (H/F),[]
indeed,Développeur Web,Carplug,Meknès,Développeur Web,[]
indeed,Concepteur / développeur,GlobalConnect,Rabat,Concepteur / développeur,[]
indeed,Développeur,TSD Health Care,Larache 92000,Développeur,[]
indeed,Développeur front End,CAPOFFSHORE,Casablanca,Développeur front End,[]
indeed,Développeur Web & Multimédia (H/F),FH2MRE,Rabat,Développeur Web & Multimédia (H/F),[]
indeed,Développeur Data IA,Orange Business,Casablanca,Développeur Data IA,[]
indeed,Développeur Backend Node - F/H,Niji,Casablanca,Développeur Backend Node - F/H,[]
indeed,Développeur junior,PMML,Casablanca,Développeur junior,[]
indeed,Data Analyst,Sii,Casablanca,Data Analyst,[]
indeed,Data Engineer,IntelCIA,Casablanca,Data Engineer,['Data']
indeed,Data & BI Engineer,abas Software GmbH,Maroc,Data & BI Engineer,[]
indeed,Junior Data Entry / Accounts Specialist,Maison Samira Maatouk,Rabat,Junior Data Entry / Accounts Specialist,[]
indeed,IT & Data Analyst INTERN,Smollan,Casablanca,IT & Data Analyst INTERN,[]
indeed,Data Scientist,Sii,Casablanca,Data Scientist,[]
indeed,Data Scientist / IA / ML,Capgemini Sogeti,Casablanca,Data Scientist / IA / ML,[]
indeed,Maghrebi Arabic linguistic projects (Remote),Sigma Group,Maroc,Maghrebi Arabic linguistic projects (Remote),[]
indeed,Online Crowd Worker - Morocco,Datavio.ai,Maroc,Online Crowd Worker - Morocco,[]
indeed,DevOps Engineer Intern / Junior,Cloudlink,Marrakech,DevOps Engineer Intern / Junior,['DevOps']
indeed,DevOps Engineer,DCAP Digital,Marrakech,DevOps Engineer,['DevOps']
indeed,Offre: Ingénieur devops junior,INVOLYS,Casablanca,Offre: Ingénieur devops junior,['DevOps']
indeed,Consultant Devops - Azure,Devoteam,Rabat,Consultant Devops - Azure,"['Cloud', 'DevOps']"
indeed,Offre: Ingénieurs devops,Fidelfi,Agadir,Offre: Ingénieurs devops,['DevOps']
indeed,Ingénieur DevOps,BROME Consulting & Technology,Rabat,Ingénieur DevOps,['DevOps']
indeed,AD Reprocessing DevOps Engineer – Junior H/F,Stellantis,Casablanca,AD Reprocessing DevOps Engineer – Junior H/F,['DevOps']
indeed,Data Platform & DevOps Engineer,AVL,Rabat,Data Platform & DevOps Engineer,['DevOps']
indeed,DATA Plateform & DevOps Enginner,AVL Maroc SARL AU,El Jadida,DATA Plateform & DevOps Enginner,['DevOps']
indeed,Ingénieur DevOps Azure,act digital,Rabat,Ingénieur DevOps Azure,"['Cloud', 'DevOps']"
indeed,Expert DevOps SRE Engineer | Devoteam Maroc Nearshore,Devoteam Morocco,Rabat,Expert DevOps SRE Engineer | Devoteam Maroc Nearshore,['DevOps']
indeed,"Développeur Java, Springboot, DevOps",ALTEN,Rabat,"Développeur Java, Springboot, DevOps",['DevOps']
indeed,GCP DevOps Specialist,Müller`s Solutions,Casablanca,GCP DevOps Specialist,"['Cloud', 'DevOps']"
indeed,Analyste Cybersécurité,CFG Bank,Casablanca,Analyste Cybersécurité,['Cybersecurity']
indeed,Ingénieur Cybersécurité - H/F,Groupe BBL,Ain-Sebaa 20250,Ingénieur Cybersécurité - H/F,['Cybersecurity']
indeed,Ingénieur Cybersécurité SOC (H/F),Tessi,Oujda,Ingénieur Cybersécurité SOC (H/F),['Cybersecurity']
indeed,Expert-Consultant IT & Cybersécurité (H/F),,Maroc,Expert-Consultant IT & Cybersécurité (H/F),['Cybersecurity']
indeed,Consultant cybersécurité GRC,act digital,Casablanca,Consultant cybersécurité GRC,['Cybersecurity']
indeed,Offre de stage – Cybersécurité,DefenSys,Salé,Offre de stage – Cybersécurité,['Cybersecurity']
indeed,"Offre de stage – Déploiement de solutions IT, Réseau, Cybersécurité, IA agentique & Workflows",sofretim,Casablanca,"Offre de stage – Déploiement de solutions IT, Réseau, Cybersécurité, IA agentique & Workflows",['Cybersecurity']
indeed,Responsable Cybersécurité et Gouvernance SI,Recruitment Assistant at IFCAR,Rabat,Responsable Cybersécurité et Gouvernance SI,['Cybersecurity']
indeed,Auditeur IT Junior H/F,KPMG au Maroc,Casablanca,Auditeur IT Junior H/F,[]
indeed,Consultant Cybersécurité / GRC |F/H,KPMG Maroc,Casablanca,Consultant Cybersécurité / GRC |F/H,['Cybersecurity']
indeed,AI integration developer,Outsourcia,Maroc,AI integration developer,['AI']
indeed,AUDITEUR(TRICE) SECURITE SI,CIH Bank,Casablanca,AUDITEUR(TRICE) SECURITE SI,[]
indeed,Cybersecurity Engineer,Dieze Evolution,Rabat,Cybersecurity Engineer,['Cybersecurity']
indeed,SOC Analyst Level 2,Thales,Rabat,SOC Analyst Level 2,[]
