source,title,company,location
linkedin,Développeur Java J2E,Babel,"Casablanca, Casablanca-Settat, Morocco"
linkedin,Software engineer,Orange Business,"Salé El Jadida, Rabat-Salé-Kénitra, Morocco"
linkedin,Developpeur Senior Full Stack,Babel,"Casablanca, Casablanca-Settat, Morocco"
linkedin,Software Engineer,Capgemini,"Casablanca, Casablanca-Settat, Morocco"
linkedin,Directeur IT,Qui Cherche Quoi,"Casablanca, Casablanca-Settat, Morocco"
linkedin,Consultant technique Microsoft Dynamics 365 F&O,Inetum,"Mechouar, Casablanca-Settat, Morocco"
linkedin,Fullstack Engineer (Kotlin / Vue),A2MAC1 - Decode the future,"Casablanca, Casablanca-Settat, Morocco"
linkedin,Développeur full stack - One Admin,Orange Business,"Salé El Jadida, Rabat-Salé-Kénitra, Morocco"
linkedin,Full Stack (BACKEND),Bravent,"Tangier, Tanger-Tetouan-Al Hoceima, Morocco"
linkedin,Tech Lead Python Django,Devoteam,"Rabat, Rabat-Salé-Kénitra, Morocco"
linkedin,Senior Java Software & Cloud Engineer,iMedia24 GmbH,Morocco
linkedin,Développeur Full Stack Node JS/Vuj Js_ Hybride,SQLI,"Oujda, Oriental, Morocco"
linkedin,Lead Software Engineer,Capgemini,"Casablanca, Casablanca-Settat, Morocco"
linkedin,Développeur Python Confirmé (F/H) - Rabat (Maroc),Cegedim,Rabat Metropolitan Area
linkedin,Développeur·se Junior IT & IA – Marrakech – Symfony / Odoo (H/F),Atlas Secret,"Marrakesh, Marrakesh-Safi, Morocco"
linkedin,Développeur .net/Angular H/F,Viveris,"Mechouar, Casablanca-Settat, Morocco"
linkedin,Java Full Stack Engineer FS,Yassir,"Casablanca, Casablanca-Settat, Morocco"
linkedin,Lead Delivery AI Software Engineer,Boston Consulting Group (BCG),"Casablanca, Casablanca-Settat, Morocco"
linkedin,Développeur Python IA,ALTEN MAROC,"Fez, Fès-Meknès, Morocco"
linkedin,Software engineer Developeur Confirmé - F/H,ChapsVision,"Casablanca, Casablanca-Settat, Morocco"
linkedin,Senior Delivery AI Software Engineer,Boston Consulting Group (BCG),"Casablanca, Casablanca-Settat, Morocco"
linkedin,Boomi Technical Consultant - Remote,Müller's Solutions,"Casablanca, Casablanca-Settat, Morocco"
linkedin,Lead Développeur .Net,matys,"Casablanca, Casablanca-Settat, Morocco"
linkedin,Senior Java / Kotlin Backend Developer,Mindera,"Casablanca, Casablanca-Settat, Morocco"
linkedin,Ingénieur Full Stack/Ingénieure Full Stack,DM Geosoftware,Casablanca Metropolitan Area
linkedin,Tech Lead H/F,WE ARE BEEBAY,"Mechouar, Casablanca-Settat, Morocco"
linkedin,Lead développeur .Net/React - Cegid HR,matys,"Casablanca, Casablanca-Settat, Morocco"
linkedin,Administrateur support IT,Groupe SII,"Mechouar, Casablanca-Settat, Morocco"
linkedin,Expert Infrastructure IT (F/H),Deloitte,"Mechouar, Casablanca-Settat, Morocco"
