date,Python,Docker,AWS,isPartial
2021-08-22,32,7,5,False
2021-08-29,36,8,6,False
2021-09-05,50,9,6,False
2021-09-12,58,10,7,False
2021-09-19,62,9,7,False
2021-09-26,63,10,7,False
2021-10-03,62,11,7,False
2021-10-10,72,11,8,False
2021-10-17,71,11,8,False
2021-10-24,62,11,7,False
2021-10-31,55,9,6,False
2021-11-07,59,9,6,False
2021-11-14,72,11,7,False
2021-11-21,66,11,7,False
2021-11-28,69,11,7,False
2021-12-05,69,11,8,False
2021-12-12,66,12,8,False
2021-12-19,49,10,7,False
2021-12-26,41,7,4,False
2022-01-02,72,14,8,False
2022-01-09,77,15,9,False
2022-01-16,74,15,9,False
2022-01-23,77,17,9,False
2022-01-30,77,16,9,False
2022-02-06,87,15,9,False
2022-02-13,92,18,14,False
2022-02-20,86,17,13,False
2022-02-27,85,17,10,False
2022-03-06,90,16,11,False
2022-03-13,100,17,11,False
2022-03-20,88,17,11,False
2022-03-27,93,18,13,False
2022-04-03,88,18,14,False
2022-04-10,77,16,14,False
2022-04-17,76,15,11,False
2022-04-24,80,16,12,False
2022-05-01,87,17,11,False
2022-05-08,86,17,13,False
2022-05-15,80,16,12,False
2022-05-22,66,13,9,False
2022-05-29,71,15,12,False
2022-06-05,67,14,10,False
2022-06-12,68,16,12,False
2022-06-19,64,15,12,False
2022-06-26,63,15,12,False
2022-07-03,61,15,12,False
2022-07-10,52,12,9,False
2022-07-17,62,14,11,False
2022-07-24,62,13,11,False
2022-07-31,53,13,10,False
2022-08-07,53,12,8,False
2022-08-14,47,11,7,False
2022-08-21,52,14,9,False
2022-08-28,54,14,10,False
2022-09-04,67,15,10,False
2022-09-11,73,15,10,False
2022-09-18,80,19,12,False
2022-09-25,79,16,12,False
2022-10-02,81,16,12,False
2022-10-09,89,17,12,False
2022-10-16,84,17,12,False
2022-10-23,87,16,11,False
2022-10-30,71,14,9,False
2022-11-06,80,15,10,False
2022-11-13,86,18,12,False
2022-11-20,85,17,11,False
2022-11-27,85,17,11,False
2022-12-04,82,16,11,False
2022-12-11,77,16,11,False
2022-12-18,61,13,10,False
2022-12-25,49,11,5,False
2023-01-01,73,16,10,False
2023-01-08,82,18,12,False
2023-01-15,81,19,12,False
2023-01-22,80,17,12,False
2023-01-29,79,18,12,False
2023-02-05,80,20,12,False
2023-02-12,77,18,12,False
2023-02-19,74,21,12,False
2023-02-26,73,17,12,False
2023-03-05,76,18,12,False
2023-03-12,80,18,12,False
2023-03-19,79,17,12,False
2023-03-26,74,17,12,False
2023-04-02,72,18,14,False
2023-04-09,64,15,11,False
2023-04-16,68,17,12,False
2023-04-23,66,16,12,False
2023-04-30,62,14,11,False
2023-05-07,60,14,11,False
2023-05-14,58,13,9,False
2023-05-21,64,15,11,False
2023-05-28,59,14,12,False
2023-06-04,59,15,12,False
2023-06-11,61,16,12,False
2023-06-18,55,16,12,False
2023-06-25,54,15,12,False
2023-07-02,52,15,11,False
2023-07-09,52,14,10,False
2023-07-16,58,16,12,False
2023-07-23,56,15,11,False
2023-07-30,49,14,10,False
2023-08-06,48,14,9,False
2023-08-13,37,12,7,False
2023-08-20,51,13,10,False
2023-08-27,53,15,11,False
2023-09-03,63,16,12,False
2023-09-10,71,16,12,False
2023-09-17,71,17,12,False
2023-09-24,73,17,12,False
2023-10-01,76,17,12,False
2023-10-08,78,17,13,False
2023-10-15,77,17,12,False
2023-10-22,68,19,12,False
2023-10-29,56,15,10,False
2023-11-05,77,19,12,False
2023-11-12,78,18,13,False
2023-11-19,76,18,13,False
2023-11-26,74,19,13,False
2023-12-03,75,18,13,False
2023-12-10,71,17,12,False
2023-12-17,68,18,11,False
2023-12-24,35,10,5,False
2023-12-31,50,14,8,False
2024-01-07,68,18,12,False
2024-01-14,70,20,12,False
2024-01-21,72,19,13,False
2024-01-28,78,21,13,False
2024-02-04,76,22,14,False
2024-02-11,78,21,14,False
2024-02-18,76,22,14,False
2024-02-25,68,19,14,False
2024-03-03,75,21,13,False
2024-03-10,74,20,14,False
2024-03-17,77,21,15,False
2024-03-24,74,20,13,False
2024-03-31,67,19,14,False
2024-04-07,70,19,13,False
2024-04-14,67,20,13,False
2024-04-21,67,21,14,False
2024-04-28,59,17,11,False
2024-05-05,50,13,8,False
2024-05-12,68,19,13,False
2024-05-19,63,17,12,False
2024-05-26,66,20,13,False
2024-06-02,71,20,14,False
2024-06-09,62,18,13,False
2024-06-16,59,18,13,False
2024-06-23,57,18,13,False
2024-06-30,52,17,12,False
2024-07-07,51,18,12,False
2024-07-14,52,17,12,False
2024-07-21,49,17,12,False
2024-07-28,43,15,10,False
2024-08-04,40,15,9,False
2024-08-11,33,12,7,False
2024-08-18,45,16,9,False
2024-08-25,46,16,11,False
2024-09-01,55,18,12,False
2024-09-08,64,18,12,False
2024-09-15,69,18,13,False
2024-09-22,70,19,13,False
2024-09-29,70,20,13,False
2024-10-06,74,20,13,False
2024-10-13,77,20,14,False
2024-10-20,68,21,14,False
2024-10-27,57,18,11,False
2024-11-03,68,20,13,False
2024-11-10,62,18,11,False
2024-11-17,71,20,14,False
2024-11-24,68,20,14,False
2024-12-01,73,20,14,False
2024-12-08,65,21,13,False
2024-12-15,65,20,12,False
2024-12-22,33,13,7,False
2024-12-29,36,13,7,False
2025-01-05,60,20,14,False
2025-01-12,67,22,13,False
2025-01-19,67,22,14,False
2025-01-26,66,20,14,False
2025-02-02,68,21,14,False
2025-02-09,66,21,14,False
2025-02-16,61,22,15,False
2025-02-23,60,23,13,False
2025-03-02,63,22,14,False
2025-03-09,61,20,13,False
2025-03-16,64,21,14,False
2025-03-23,61,20,13,False
2025-03-30,62,19,13,False
2025-04-06,57,19,15,False
2025-04-13,54,19,12,False
2025-04-20,49,17,11,False
2025-04-27,45,16,9,False
2025-05-04,45,15,9,False
2025-05-11,55,18,11,False
2025-05-18,56,17,12,False
2025-05-25,39,14,8,False
2025-06-01,51,18,12,False
2025-06-08,47,18,12,False
2025-06-15,51,18,13,False
2025-06-22,49,16,12,False
2025-06-29,43,16,11,False
2025-07-06,41,16,12,False
2025-07-13,37,16,10,False
2025-07-20,40,15,11,False
2025-07-27,40,15,10,False
2025-08-03,37,15,9,False
2025-08-10,34,13,7,False
2025-08-17,32,15,8,False
2025-08-24,39,16,9,False
2025-08-31,45,15,11,False
2025-09-07,50,15,11,False
2025-09-14,51,16,12,False
2025-09-21,52,15,11,False
2025-09-28,56,17,12,False
2025-10-05,58,18,13,False
2025-10-12,58,17,11,False
2025-10-19,53,19,34,False
2025-10-26,52,20,18,False
2025-11-02,65,23,22,False
2025-11-09,64,24,18,False
2025-11-16,63,22,20,False
2025-11-23,63,22,20,False
2025-11-30,63,22,23,False
2025-12-07,55,20,17,False
2025-12-14,62,23,17,False
2025-12-21,33,19,10,False
2025-12-28,30,17,9,False
2026-01-04,49,21,13,False
2026-01-11,56,24,15,False
2026-01-18,60,22,16,False
2026-01-25,58,21,17,False
2026-02-01,57,24,17,False
2026-02-08,68,28,18,False
2026-02-15,58,28,14,False
2026-02-22,55,28,15,False
2026-03-01,51,23,17,False
2026-03-08,55,25,19,False
2026-03-15,57,25,18,False
2026-03-22,63,24,20,False
2026-03-29,68,28,22,False
2026-04-05,44,22,15,False
2026-04-12,46,24,16,False
2026-04-19,45,22,17,False
2026-04-26,40,19,14,False
2026-05-03,40,19,12,False
2026-05-10,38,18,13,False
2026-05-17,39,17,13,False
2026-05-24,36,18,12,False
2026-05-31,43,18,12,False
2026-06-07,37,17,9,False
2026-06-14,33,15,11,False
2026-06-21,38,17,12,False
2026-06-28,46,20,15,False
2026-07-05,50,22,17,False
2026-07-12,33,14,10,False
2026-07-19,27,11,8,False
2026-07-26,28,12,8,False
2026-08-02,27,12,7,False
2026-08-09,23,9,5,False
2026-08-16,24,9,5,False
2026-08-23,28,9,6,True
